{"version":2,"count":7165206,"means":{"mins":[-4.873130243128834,-5.550287978690264,-2.4005013869535876],"maxs":[5.565177079612244,5.064423449395884,3.630515576499422],"files":["means_l.webp","means_u.webp"]},"scales":{"codebook":[-9.998624801635742,-9.94477367401123,-9.889946937561035,-9.843549728393555,-9.800824165344238,-9.749579429626465,-9.69524097442627,-9.640353202819824,-9.585613250732422,-9.530816078186035,-9.476188659667969,-9.421730995178223,-9.366851806640625,-9.316234588623047,-9.273333549499512,-9.23422908782959,-9.195228576660156,-9.152530670166016,-9.10927963256836,-9.066484451293945,-9.015519142150879,-8.960676193237305,-8.905818939208984,-8.85509204864502,-8.812336921691895,-8.769586563110352,-8.71848201751709,-8.663849830627441,-8.613094329833984,-8.570143699645996,-8.527364730834961,-8.476509094238281,-8.42169189453125,-8.367100715637207,-8.320222854614258,-8.27737045288086,-8.226415634155273,-8.17180061340332,-8.116974830627441,-8.070250511169434,-8.031188011169434,-7.987100601196289,-7.937427997589111,-7.8866119384765625,-7.8357439041137695,-7.784965991973877,-7.73411750793457,-7.683390140533447,-7.636448860168457,-7.59180212020874,-7.542780876159668,-7.491967678070068,-7.443292140960693,-7.396499156951904,-7.347418308258057,-7.296638011932373,-7.247960567474365,-7.201183795928955,-7.152139186859131,-7.1012749671936035,-7.050503730773926,-6.999800205230713,-6.952967643737793,-6.909997940063477,-6.8689727783203125,-6.825936317443848,-6.779068470001221,-6.732243537902832,-6.685338973999023,-6.638382434844971,-6.591498851776123,-6.5447258949279785,-6.497890472412109,-6.450955390930176,-6.402091026306152,-6.353347301483154,-6.3046135902404785,-6.255666255950928,-6.206924915313721,-6.158100605010986,-6.109218120574951,-6.060386657714844,-6.011622905731201,-5.960814952850342,-5.911927700042725,-5.863165378570557,-5.8143415451049805,-5.765580654144287,-5.7167439460754395,-5.669915199279785,-5.624969959259033,-5.580078125,-5.5331549644470215,-5.486362457275391,-5.437442302703857,-5.386712074279785,-5.335936069488525,-5.2871246337890625,-5.238272190093994,-5.189420700073242,-5.142580986022949,-5.093789577484131,-5.042965888977051,-4.9921112060546875,-4.941347122192383,-4.89054012298584,-4.839781284332275,-4.788961887359619,-4.738191604614258,-4.687367916107178,-4.636587142944336,-4.587794303894043,-4.538910865783691,-4.490180492401123,-4.441295146942139,-4.392498016357422,-4.343663215637207,-4.294871807098389,-4.24597692489624,-4.197210788726807,-4.150391578674316,-4.103431701660156,-4.058512210845947,-4.014126777648926,-3.966794490814209,-3.917961835861206,-3.871095657348633,-3.827119827270508,-3.7870726585388184,-3.7470703125,-3.7040624618530273,-3.661097526550293,-3.6181693077087402,-3.5732431411743164,-3.525369167327881,-3.4765563011169434,-3.42775559425354,-3.378894329071045,-3.330115795135498,-3.2813525199890137,-3.2315330505371094,-3.1817398071289062,-3.132930040359497,-3.0841383934020996,-3.035329818725586,-2.9865362644195557,-2.93769907951355,-2.8888912200927734,-2.8401029109954834,-2.7902605533599854,-2.740511417388916,-2.6917152404785156,-2.6428191661834717,-2.5940160751342773,-2.545189619064331,-2.496371030807495,-2.4475393295288086,-2.3986988067626953,-2.348906993865967,-2.2990882396698,-2.250196695327759,-2.2015058994293213,-2.152665853500366,-2.103759765625,-2.054790496826172,-2.006180763244629,-1.9563628435134888,-1.9070591926574707,-1.8582099676132202,-1.8094121217727661,-1.7600597143173218,-1.7109330892562866,-1.6618741750717163,-1.6129812002182007,-1.5638458728790283,-1.514460563659668,-1.4656440019607544,-1.4169998168945312,-1.3681981563568115,-1.3185786008834839,-1.2694227695465088,-1.220578908920288,-1.1717901229858398,-1.1223660707473755,-1.0730481147766113,-1.024290919303894,-0.9756380319595337,-0.9269071817398071,-0.8781148195266724,-0.8296909332275391,-0.7797847986221313,-0.7302144169807434,-0.6809523701667786,-0.632514476776123,-0.5835689902305603,-0.5356928110122681,-0.4879800081253052,-0.43905311822891235,-0.3894551396369934,-0.34066036343574524,-0.2911290228366852,-0.2419949769973755,-0.19442041218280792,-0.1458643078804016,-0.0960492268204689,-0.04627261310815811,0.0032170950435101986,0.052361343055963516,0.10088285803794861,0.14844568073749542,0.19555871188640594,0.2447899580001831,0.2950766980648041,0.34429576992988586,0.3941386044025421,0.4445766806602478,0.49302706122398376,0.5427845120429993,0.594491720199585,0.6421204209327698,0.6886772513389587,0.7377738952636719,0.7865700721740723,0.8346076011657715,0.8849628567695618,0.9361560344696045,0.9878146648406982,1.0366740226745605,1.0826714038848877,1.1333353519439697,1.1832695007324219,1.2336111068725586,1.2801789045333862,1.325121521949768,1.376301646232605,1.4267274141311646,1.4755367040634155,1.5243165493011475,1.5727633237838745,1.6211395263671875,1.6739341020584106,1.72174072265625,1.7684282064437866,1.8174850940704346,1.873262882232666,1.9186677932739258,1.9634078741073608,2.019313097000122,2.063567876815796,2.1150708198547363,2.1670706272125244,2.2083945274353027,2.2391538619995117,2.299482583999634,2.378520965576172,2.507025718688965],"files":["scales.webp"]},"quats":{"files":["quats.webp"]},