{"version":2,"count":4099065,"means":{"mins":[-8.140262368761901,-8.113805099620231,-8.12047770616944],"maxs":[8.123368830788223,7.749198492469117,8.143221001690854],"files":["means_l.webp","means_u.webp"]},"scales":{"codebook":[-9.998382568359375,-9.939352989196777,-9.879264831542969,-9.816426277160645,-9.757918357849121,-9.69929027557373,-9.636537551879883,-9.578264236450195,-9.51966381072998,-9.457174301147461,-9.398429870605469,-9.339973449707031,-9.277350425720215,-9.214872360229492,-9.156198501586914,-9.101496696472168,-9.043146133422852,-8.98056697845459,-8.918099403381348,-8.855391502380371,-8.796747207641602,-8.742196083068848,-8.683712005615234,-8.621221542358398,-8.558735847473145,-8.496026992797852,-8.43734359741211,-8.382756233215332,-8.324325561523438,-8.261691093444824,-8.2030029296875,-8.144594192504883,-8.082189559936523,-8.022306442260742,-7.9648637771606445,-7.9043660163879395,-7.843539714813232,-7.785172939300537,-7.726500034332275,-7.666049003601074,-7.605310916900635,-7.546888828277588,-7.486345291137695,-7.4217848777771,-7.357317924499512,-7.296694278717041,-7.237931728363037,-7.17765998840332,-7.117031574249268,-7.058424472808838,-6.9978928565979,-6.93725061416626,-6.878741264343262,-6.818195819854736,-6.757620334625244,-6.698894500732422,-6.638294696807861,-6.577991485595703,-6.519274711608887,-6.460803985595703,-6.400219917297363,-6.339745044708252,-6.280946254730225,-6.220627307891846,-6.159976959228516,-6.101349353790283,-6.040820121765137,-5.980288028717041,-5.921722888946533,-5.8611674308776855,-5.80076265335083,-5.742116451263428,-5.681457996368408,-5.620985507965088,-5.562407493591309,-5.503719329833984,-5.443199157714844,-5.382587432861328,-5.32410192489624,-5.263453483581543,-5.203098773956299,-5.144474983215332,-5.083859920501709,-5.0232110023498535,-4.964727878570557,-4.904067039489746,-4.843559741973877,-4.7850260734558105,-4.72446346282959,-4.663906097412109,-4.605283737182617,-4.546726226806641,-4.488117694854736,-4.429498672485352,-4.370942115783691,-4.3123321533203125,-4.253719329833984,-4.195157527923584,-4.136505603790283,-4.077969551086426,-4.018877983093262,-3.9587996006011963,-3.8983495235443115,-3.837860107421875,-3.778315305709839,-3.7197346687316895,-3.660181999206543,-3.5996804237365723,-3.5401172637939453,-3.4825122356414795,-3.4278364181518555,-3.377061605453491,-3.3301374912261963,-3.282426118850708,-3.230712413787842,-3.1770107746124268,-3.120325803756714,-3.0618174076080322,-3.00225567817688,-2.9427003860473633,-2.8831024169921875,-2.8226394653320312,-2.763096809387207,-2.7035295963287354,-2.642885684967041,-2.583427906036377,-2.5238194465637207,-2.4642322063446045,-2.404686450958252,-2.344268560409546,-2.2843573093414307,-2.2238612174987793,-2.1618776321411133,-2.1012473106384277,-2.0475778579711914,-2.0032777786254883,-1.938093662261963,-1.8729150295257568,-1.8095052242279053,-1.7480446100234985,-1.68761146068573,-1.6269813776016235,-1.5668829679489136,-1.5070677995681763,-1.4473003149032593,-1.3876478672027588,-1.3274781703948975,-1.268014669418335,-1.2092803716659546,-1.149636149406433,-1.0891708135604858,-1.0306282043457031,-0.9716553092002869,-0.9138051271438599,-0.8547003269195557,-0.7956646680831909,-0.7363134622573853,-0.6759739518165588,-0.61590576171875,-0.5546266436576843,-0.4936597943305969,-0.4327102601528168,-0.3736138641834259,-0.313994824886322,-0.25310587882995605,-0.19496704638004303,-0.1347314566373825,-0.07495502382516861,-0.017218545079231262,0.042231205850839615,0.10346022248268127,0.1640610545873642,0.22521807253360748,0.2838330864906311,0.3425001800060272,0.40102243423461914,0.4585435688495636,0.5235224366188049,0.5858171582221985,0.6492697596549988,0.7096114158630371,0.7665634751319885,0.8228830695152283,0.8792362809181213,0.9396864175796509,1.0021957159042358,1.0640695095062256,1.1216793060302734,1.1822596788406372,1.245542049407959,1.3058898448944092,1.3649075031280518,1.427192211151123,1.4839526414871216,1.5444155931472778,1.6026358604431152,1.6622923612594604,1.7238105535507202,1.7852145433425903,1.8451941013336182,1.904188871383667,1.9634565114974976,2.0241503715515137,2.0840346813201904,2.1433262825012207,2.2033281326293945,2.26399302482605,2.3243441581726074,2.381620168685913,2.441405773162842,2.500575065612793,2.5584511756896973,2.6200993061065674,2.6838862895965576,2.743152618408203,2.801995277404785,2.8632681369781494,2.9246926307678223,2.9831926822662354,3.0392398834228516,3.09993052482605,3.1590118408203125,3.219311237335205,3.280182361602783,3.342644691467285,3.4006106853485107,3.4579458236694336,3.517744541168213,3.5756492614746094,3.636847734451294,3.6951723098754883,3.7558321952819824,3.8165571689605713,3.8753297328948975,3.9347152709960938,3.9961283206939697,4.05566930770874,4.115222454071045,4.176573753356934,4.234341144561768,4.293292045593262,4.357556343078613,4.417231559753418,4.4677042961120605,4.530313491821289,4.594851970672607,4.646780490875244,4.700480937957764,4.776580810546875,4.830495357513428,4.881056785583496,4.9659881591796875,5.033672332763672,5.1246137619018555,5.186500072479248,5.251420497894287],"files":["scales.webp"]},"quats":{"files":["quats.webp"]},