{"version":2,"count":683075,"means":{"mins":[-3.0174577714140196,-2.835231860863781,-1.7990625976703096],"maxs":[1.782584406262322,2.7378861662651985,1.1879485158537706],"files":["means_l.webp","means_u.webp"]},"scales":{"codebook":[-9.997509002685547,-9.964493751525879,-9.918066024780273,-9.875380516052246,-9.83583927154541,-9.793031692504883,-9.7498197555542,-9.711036682128906,-9.672151565551758,-9.632608413696289,-9.589994430541992,-9.546740531921387,-9.504246711730957,-9.460786819458008,-9.421826362609863,-9.382624626159668,-9.343343734741211,-9.304967880249023,-9.265425682067871,-9.226205825805664,-9.18394660949707,-9.14074993133545,-9.101709365844727,-9.062921524047852,-9.023497581481934,-8.981193542480469,-8.93757152557373,-8.898404121398926,-8.855799674987793,-8.812399864196777,-8.773597717285156,-8.730709075927734,-8.687065124511719,-8.648421287536621,-8.609026908874512,-8.57042121887207,-8.531266212463379,-8.488595962524414,-8.445167541503906,-8.406051635742188,-8.366985321044922,-8.328329086303711,-8.28528881072998,-8.238136291503906,-8.195415496826172,-8.155837059020996,-8.117013931274414,-8.078010559082031,-8.03896427154541,-7.999162197113037,-7.958786964416504,-7.919992446899414,-7.878911972045898,-7.835814476013184,-7.794876575469971,-7.755964756011963,-7.715089797973633,-7.67383337020874,-7.634773254394531,-7.5938286781311035,-7.550501823425293,-7.50749397277832,-7.466893196105957,-7.425529479980469,-7.382861137390137,-7.341638088226318,-7.302817344665527,-7.263725280761719,-7.22470235824585,-7.18346643447876,-7.142564296722412,-7.103684902191162,-7.062195777893066,-7.021547317504883,-6.980364799499512,-6.937336444854736,-6.894306182861328,-6.851464748382568,-6.810300827026367,-6.773243427276611,-6.736375331878662,-6.695128440856934,-6.654134750366211,-6.615242958068848,-6.574118614196777,-6.531262397766113,-6.490223407745361,-6.451291561126709,-6.410245418548584,-6.367105484008789,-6.3240966796875,-6.283235549926758,-6.242184638977051,-6.20308780670166,-6.166018962860107,-6.124942779541016,-6.0819196701049805,-6.038880348205566,-5.999889373779297,-5.962974548339844,-5.92169713973999,-5.8809404373168945,-5.8395676612854,-5.796651363372803,-5.753821849822998,-5.714864253997803,-5.6777873039245605,-5.636797904968262,-5.599556922912598,-5.570327281951904,-5.539035320281982,-5.501991271972656,-5.460843086242676,-5.419825553894043,-5.382704257965088,-5.347630500793457,-5.310670375823975,-5.2693610191345215,-5.226454734802246,-5.183536529541016,-5.142336845397949,-5.107453346252441,-5.076182842254639,-5.042893409729004,-5.007789134979248,-4.972456932067871,-4.937502861022949,-4.900420188903809,-4.859299659729004,-4.816342353820801,-4.775392532348633,-4.736207485198975,-4.6972808837890625,-4.656047821044922,-4.615122318267822,-4.576249122619629,-4.535069942474365,-4.4920125007629395,-4.453150272369385,-4.421868324279785,-4.398439407348633,-4.376898288726807,-4.349691390991211,-4.318382740020752,-4.285106658935547,-4.248048305511475,-4.212870121002197,-4.185535907745361,-4.160182952880859,-4.134781837463379,-4.109347343444824,-4.078130722045898,-4.041141033172607,-4.002518653869629,-3.9640140533447266,-3.9249467849731445,-3.8849518299102783,-3.8438467979431152,-3.8027608394622803,-3.76184344291687,-3.7210445404052734,-3.6799111366271973,-3.6389567852020264,-3.5977890491485596,-3.557861328125,-3.5178520679473877,-3.476794481277466,-3.435964345932007,-3.3948843479156494,-3.3538477420806885,-3.312701940536499,-3.2720749378204346,-3.231588840484619,-3.1918680667877197,-3.1507415771484375,-3.1095032691955566,-3.0684592723846436,-3.027690887451172,-2.986684799194336,-2.9455020427703857,-2.9055192470550537,-2.865858554840088,-2.8243162631988525,-2.783673048019409,-2.742339849472046,-2.7015488147735596,-2.660381317138672,-2.6188900470733643,-2.5796260833740234,-2.5399010181427,-2.498795747756958,-2.4573099613189697,-2.4168059825897217,-2.3761065006256104,-2.333698034286499,-2.2930896282196045,-2.253476619720459,-2.212679624557495,-2.172165870666504,-2.1310884952545166,-2.090637445449829,-2.0497097969055176,-2.007859230041504,-1.9673651456832886,-1.92650306224823,-1.8854588270187378,-1.845329999923706,-1.8045048713684082,-1.7609933614730835,-1.7184808254241943,-1.6782511472702026,-1.6391205787658691,-1.600225567817688,-1.557643175125122,-1.513830304145813,-1.4752613306045532,-1.436124563217163,-1.3966091871261597,-1.3571949005126953,-1.310686469078064,-1.2654343843460083,-1.2302546501159668,-1.1925041675567627,-1.152579665184021,-1.1123204231262207,-1.0727076530456543,-1.0355452299118042,-0.9960057139396667,-0.9500983953475952,-0.9101547002792358,-0.8731780648231506,-0.831800103187561,-0.7863116264343262,-0.755403459072113,-0.7124620676040649,-0.658922016620636,-0.6213327646255493,-0.5846644043922424,-0.5426243543624878,-0.5010934472084045,-0.471478670835495,-0.4258245825767517,-0.3998262286186218,-0.33964303135871887,-0.2886953055858612,-0.24351882934570312,-0.21570532023906708,-0.1664120852947235,-0.1384207159280777,-0.08864089846611023,0.0004164305282756686,0.012255012057721615,0.07048641890287399,0.12600037455558777,0.3510807752609253,0.39714449644088745],"files":["scales.webp"]},"quats":{"files":["quats.webp"]},