{"version":2,"count":3573632,"means":{"mins":[-4.873129542806628,-5.549134268468209,-2.4003412279565253],"maxs":[5.564657200902447,4.847718419984019,3.6072583943862555],"files":["means_l.webp","means_u.webp"]},"scales":{"codebook":[-9.998746871948242,-9.949362754821777,-9.898276329040527,-9.843426704406738,-9.788583755493164,-9.73424243927002,-9.683563232421875,-9.636780738830566,-9.58575439453125,-9.538951873779297,-9.496183395385742,-9.445155143737793,-9.390604019165039,-9.343504905700684,-9.300813674926758,-9.249927520751953,-9.195159912109375,-9.144403457641602,-9.097744941711426,-9.046786308288574,-8.991994857788086,-8.941341400146484,-8.898365020751953,-8.855469703674316,-8.804607391357422,-8.753898620605469,-8.707131385803223,-8.656161308288574,-8.605473518371582,-8.558767318725586,-8.50792121887207,-8.45294189453125,-8.402460098266602,-8.355403900146484,-8.308648109436035,-8.257660865783691,-8.207052230834961,-8.155898094177246,-8.10535717010498,-8.058686256408691,-8.008795738220215,-7.958959579467773,-7.912152290344238,-7.863260269165039,-7.812530517578125,-7.761605739593506,-7.713053226470947,-7.664119720458984,-7.613052845001221,-7.562272548675537,-7.511611461639404,-7.4609456062316895,-7.411827087402344,-7.365251541137695,-7.316440582275391,-7.265511989593506,-7.216805934906006,-7.167881965637207,-7.117032051086426,-7.066479682922363,-7.015443325042725,-6.964869022369385,-6.913966178894043,-6.865174770355225,-6.818414211273193,-6.769529342651367,-6.7186455726623535,-6.667688846588135,-6.6170148849487305,-6.5663628578186035,-6.515471458435059,-6.464618682861328,-6.4139533042907715,-6.363160133361816,-6.312285900115967,-6.261570930480957,-6.2125654220581055,-6.1640424728393555,-6.11301851272583,-6.062295436859131,-6.013619899749756,-5.968735694885254,-5.925726413726807,-5.8846235275268555,-5.841607570648193,-5.796718120574951,-5.753793716430664,-5.710780143737793,-5.667845726013184,-5.623088359832764,-5.5740885734558105,-5.523387908935547,-5.472568035125732,-5.421786308288574,-5.372976779937744,-5.32619047164917,-5.277299404144287,-5.2265305519104,-5.175661563873291,-5.124904155731201,-5.074162006378174,-5.023423671722412,-4.972485542297363,-4.921852111816406,-4.871057033538818,-4.820258617401123,-4.771322727203369,-4.7225260734558105,-4.6717529296875,-4.621024131774902,-4.572124004364014,-4.523353099822998,-4.472511291503906,-4.423606872558594,-4.374851703643799,-4.32403039932251,-4.273235321044922,-4.224494934082031,-4.175694942474365,-4.124843120574951,-4.074056148529053,-4.02526330947876,-3.977902412414551,-3.9285924434661865,-3.878782272338867,-3.8289337158203125,-3.7791521549224854,-3.7293200492858887,-3.6795754432678223,-3.6307590007781982,-3.581941604614258,-3.5331177711486816,-3.484283924102783,-3.435492753982544,-3.3866488933563232,-3.3378212451934814,-3.288984537124634,-3.2401974201202393,-3.1905088424682617,-3.1406424045562744,-3.0918712615966797,-3.0421125888824463,-2.992349624633789,-2.942504644393921,-2.892747402191162,-2.842935562133789,-2.793222665786743,-2.7443535327911377,-2.6946072578430176,-2.644810438156128,-2.5950770378112793,-2.5452749729156494,-2.495445728302002,-2.4456567764282227,-2.395801067352295,-2.345930576324463,-2.2961812019348145,-2.246373176574707,-2.197481632232666,-2.1478400230407715,-2.0977725982666016,-2.048825740814209,-2.000530481338501,-1.9495972394943237,-1.8997670412063599,-1.8499672412872314,-1.8002251386642456,-1.7503048181533813,-1.7004542350769043,-1.6508268117904663,-1.6015416383743286,-1.5519721508026123,-1.5023285150527954,-1.452523112297058,-1.402612328529358,-1.3529787063598633,-1.302899718284607,-1.2534747123718262,-1.2033276557922363,-1.1536942720413208,-1.1038243770599365,-1.0543805360794067,-1.0050292015075684,-0.9553147554397583,-0.9060892462730408,-0.8566154837608337,-0.8066489696502686,-0.7575214505195618,-0.7076250910758972,-0.6578353643417358,-0.6081181168556213,-0.5583214163780212,-0.5080500245094299,-0.4581192135810852,-0.4092622697353363,-0.3604954481124878,-0.3110540211200714,-0.2612362205982208,-0.21220515668392181,-0.16319121420383453,-0.11352483183145523,-0.06340086460113525,-0.013798194006085396,0.03626450523734093,0.08662280440330505,0.13574326038360596,0.18570883572101593,0.23372112214565277,0.2835242450237274,0.3332969546318054,0.3823779821395874,0.4316405653953552,0.48124682903289795,0.5313027501106262,0.5843489766120911,0.6360719203948975,0.6846422553062439,0.7343282699584961,0.7865487933158875,0.8361181616783142,0.885371208190918,0.9326794743537903,0.9790116548538208,1.0272881984710693,1.074256181716919,1.1221725940704346,1.1722626686096191,1.2270742654800415,1.2785356044769287,1.330148696899414,1.3818669319152832,1.4291733503341675,1.4812923669815063,1.5262975692749023,1.5769704580307007,1.6296741962432861,1.6733489036560059,1.723341703414917,1.7760658264160156,1.82003915309906,1.878430724143982,1.9385831356048584,1.9892140626907349,2.0480194091796875,2.0826520919799805,2.1202449798583984,2.170457601547241,2.219421148300171,2.2516396045684814,2.3219337463378906,2.36352276802063,2.3957104682922363,2.4984586238861084,2.533658981323242,2.577549695968628,2.6730799674987793],"files":["scales.webp"]},"quats":{"files":["quats.webp"]},